,song_id,Prod_artist,title
0,5582180, ZICO,밤샜지 (Prod. By ZICO)
1,5592623, 버벌진트,My Type (Prod. By 버벌진트)
2,5582180, ZICO,밤샜지 (Prod. By ZICO)
3,5592623, 버벌진트,My Type (Prod. By 버벌진트)
4,5582180, ZICO,밤샜지 (Prod. By ZICO)
5,5592623, 버벌진트,My Type (Prod. By 버벌진트)
6,5608760, 버벌진트,시작이 좋아 2015 (Prod. By 버벌진트)
7,5582180, ZICO,밤샜지 (Prod. By ZICO)
8,5608760, 버벌진트,시작이 좋아 2015 (Prod. By 버벌진트)
9,5592623, 버벌진트,My Type (Prod. By 버벌진트)
10,5616999,D.O,슈퍼스타 (Prod. by D.O)
11,5582180, ZICO,밤샜지 (Prod. By ZICO)
12,5608760, 버벌진트,시작이 좋아 2015 (Prod. By 버벌진트)
13,5616999,D.O,슈퍼스타 (Prod. by D.O)
14,5592623, 버벌진트,My Type (Prod. By 버벌진트)
15,5582180, ZICO,밤샜지 (Prod. By ZICO)
16,5625755,MC메타,T4SA (Prod. by MC메타)
17,5608760, 버벌진트,시작이 좋아 2015 (Prod. By 버벌진트)
18,5616999,D.O,슈퍼스타 (Prod. by D.O)
19,5592623, 버벌진트,My Type (Prod. By 버벌진트)
20,5634218,"DJ Juice, D.Theo","Coma 07` (Prod.by DJ Juice, D.Theo)"
21,5634219,라이머,Puss (Prod.by 라이머)
22,5634221,GRAY,Unpretty Dreams (Prod.by GRAY)
23,5582180, ZICO,밤샜지 (Prod. By ZICO)
24,5625755,MC메타,T4SA (Prod. by MC메타)
25,5634219,라이머,Puss (Prod.by 라이머)
26,5634218,"DJ Juice, D.Theo","Coma 07` (Prod.by DJ Juice, D.Theo)"
27,5608760, 버벌진트,시작이 좋아 2015 (Prod. By 버벌진트)
28,5642918,MC몽,아무도 모르게 (Prod. by MC몽)
29,5616999,D.O,슈퍼스타 (Prod. by D.O)
30,5592623,BewhY,My Type (Prod. By 버벌진트)
31,5634221,BewhY,Unpretty Dreams (Prod.by GRAY)
32,5582180, ZICO,밤샜지 (Prod. By ZICO)
33,5625755,MC메타,T4SA (Prod. by MC메타)
34,5634219,라이머,Puss (Prod.by 라이머)
35,5642918,DEAN,아무도 모르게 (Prod. by MC몽)
36,5634218,DEAN,"Coma 07` (Prod.by DJ Juice, D.Theo)"
37,5608760,진영(B1A4),시작이 좋아 2015 (Prod. By 버벌진트)
38,5616999,D.O,슈퍼스타 (Prod. by D.O)
39,5592623, 버벌진트,My Type (Prod. By 버벌진트)
40,5634221,GRAY,Unpretty Dreams (Prod.by GRAY)
41,5647453,The Quiett,On & On (Prod.by The Quiett)
42,5582180, ZICO,밤샜지 (Prod. By ZICO)
43,5634219,라이머,Puss (Prod.by 라이머)
44,5642918,MC몽,아무도 모르게 (Prod. by MC몽)
45,5634218,"DJ Juice, D.Theo","Coma 07` (Prod.by DJ Juice, D.Theo)"
46,5608760, 버벌진트,시작이 좋아 2015 (Prod. By 버벌진트)
47,5616999,D.O,슈퍼스타 (Prod. by D.O)
48,5592623, 버벌진트,My Type (Prod. By 버벌진트)
49,5634221,GRAY,Unpretty Dreams (Prod.by GRAY)
50,5647453,The Quiett,On & On (Prod.by The Quiett)
51,5634219,라이머,Puss (Prod.by 라이머)
52,5642918,MC몽,아무도 모르게 (Prod. by MC몽)
53,5634218,"DJ Juice, D.Theo","Coma 07` (Prod.by DJ Juice, D.Theo)"
54,5608760, 버벌진트,시작이 좋아 2015 (Prod. By 버벌진트)
55,5616999,D.O,슈퍼스타 (Prod. by D.O)
56,5592623, 버벌진트,My Type (Prod. By 버벌진트)
57,5634221,GRAY,Unpretty Dreams (Prod.by GRAY)
58,5647453,The Quiett,On & On (Prod.by The Quiett)
59,5634219,라이머,Puss (Prod.by 라이머)
60,5642918,MC몽,아무도 모르게 (Prod. by MC몽)
61,5634218,"DJ Juice, D.Theo","Coma 07` (Prod.by DJ Juice, D.Theo)"
62,5608760, 버벌진트,시작이 좋아 2015 (Prod. By 버벌진트)
63,5592623, 버벌진트,My Type (Prod. By 버벌진트)
64,5616999,D.O,슈퍼스타 (Prod. by D.O)
65,5634221,GRAY,Unpretty Dreams (Prod.by GRAY)
66,5647453,The Quiett,On & On (Prod.by The Quiett)
67,5634219,라이머,Puss (Prod.by 라이머)
68,5642918,MC몽,아무도 모르게 (Prod. by MC몽)
69,5608760, 버벌진트,시작이 좋아 2015 (Prod. By 버벌진트)
70,5634218,"DJ Juice, D.Theo","Coma 07` (Prod.by DJ Juice, D.Theo)"
71,5616999,D.O,슈퍼스타 (Prod. by D.O)
72,5592623, 버벌진트,My Type (Prod. By 버벌진트)
73,5634221,GRAY,Unpretty Dreams (Prod.by GRAY)
74,5647453,The Quiett,On & On (Prod.by The Quiett)
75,5634219,라이머,Puss (Prod.by 라이머)
76,5642918,MC몽,아무도 모르게 (Prod. by MC몽)
77,5608760, 버벌진트,시작이 좋아 2015 (Prod. By 버벌진트)
78,5634218,"DJ Juice, D.Theo","Coma 07` (Prod.by DJ Juice, D.Theo)"
79,5616999,D.O,슈퍼스타 (Prod. by D.O)
80,5592623, 버벌진트,My Type (Prod. By 버벌진트)
81,5634221,GRAY,Unpretty Dreams (Prod.by GRAY)
82,5634219,라이머,Puss (Prod.by 라이머)
83,5642918,MC몽,아무도 모르게 (Prod. by MC몽)
84,5608760, 버벌진트,시작이 좋아 2015 (Prod. By 버벌진트)
85,5616999,D.O,슈퍼스타 (Prod. by D.O)
86,5592623, 버벌진트,My Type (Prod. By 버벌진트)
87,5634218,"DJ Juice, D.Theo","Coma 07` (Prod.by DJ Juice, D.Theo)"
88,5634221,GRAY,Unpretty Dreams (Prod.by GRAY)
89,5634219,라이머,Puss (Prod.by 라이머)
90,5642918,MC몽,아무도 모르게 (Prod. by MC몽)
91,5608760, 버벌진트,시작이 좋아 2015 (Prod. By 버벌진트)
92,5616999,D.O,슈퍼스타 (Prod. by D.O)
93,5592623, 버벌진트,My Type (Prod. By 버벌진트)
94,5634218,"DJ Juice, D.Theo","Coma 07` (Prod.by DJ Juice, D.Theo)"
95,5634219,라이머,Puss (Prod.by 라이머)
96,5642918,MC몽,아무도 모르게 (Prod. by MC몽)
97,5608760, 버벌진트,시작이 좋아 2015 (Prod. By 버벌진트)
98,5616999,D.O,슈퍼스타 (Prod. by D.O)
99,5592623, 버벌진트,My Type (Prod. By 버벌진트)
100,5634218,"DJ Juice, D.Theo","Coma 07` (Prod.by DJ Juice, D.Theo)"
101,5634219,라이머,Puss (Prod.by 라이머)
102,5642918,MC몽,아무도 모르게 (Prod. by MC몽)
103,5608760, 버벌진트,시작이 좋아 2015 (Prod. By 버벌진트)
104,5592623, 버벌진트,My Type (Prod. By 버벌진트)
105,5616999,D.O,슈퍼스타 (Prod. by D.O)
106,5634218,"DJ Juice, D.Theo","Coma 07` (Prod.by DJ Juice, D.Theo)"
107,5634219,라이머,Puss (Prod.by 라이머)
108,5642918,MC몽,아무도 모르게 (Prod. by MC몽)
109,5608760, 버벌진트,시작이 좋아 2015 (Prod. By 버벌진트)
110,5592623, 버벌진트,My Type (Prod. By 버벌진트)
111,5616999,D.O,슈퍼스타 (Prod. by D.O)
112,5634219,라이머,Puss (Prod.by 라이머)
113,5642918,MC몽,아무도 모르게 (Prod. by MC몽)
114,5608760, 버벌진트,시작이 좋아 2015 (Prod. By 버벌진트)
115,5592623, 버벌진트,My Type (Prod. By 버벌진트)
116,5616999,D.O,슈퍼스타 (Prod. by D.O)
117,5634219,라이머,Puss (Prod.by 라이머)
118,5642918,MC몽,아무도 모르게 (Prod. by MC몽)
119,5592623, 버벌진트,My Type (Prod. By 버벌진트)
120,5608760, 버벌진트,시작이 좋아 2015 (Prod. By 버벌진트)
121,5634219,라이머,Puss (Prod.by 라이머)
122,5642918,MC몽,아무도 모르게 (Prod. by MC몽)
123,5634219,라이머,Puss (Prod.by 라이머)
124,5642918,MC몽,아무도 모르게 (Prod. by MC몽)
125,5634219,라이머,Puss (Prod.by 라이머)
126,5642918,MC몽,아무도 모르게 (Prod. by MC몽)
127,5634219,라이머,Puss (Prod.by 라이머)
128,5634219,라이머,Puss (Prod.by 라이머)
129,5634219,라이머,Puss (Prod.by 라이머)
130,5634219,라이머,Puss (Prod.by 라이머)
131,5634219,라이머,Puss (Prod.by 라이머)
132,7852464, D.O,언프리티 랩스타 (Don`t Stop) (Prod. By D.O)
133,7852464, D.O,언프리티 랩스타 (Don`t Stop) (Prod. By D.O)
134,7859960,버벌진트,"음악이 아니었다면 (Prod. by 버벌진트) (Feat. 치타, 버벌진트)"
135,7863752,G-Park 박명수,커피 (Prod. by G-Park 박명수)
136,7859960,버벌진트,"음악이 아니었다면 (Prod. by 버벌진트) (Feat. 치타, 버벌진트)"
137,7852464, D.O,언프리티 랩스타 (Don`t Stop) (Prod. By D.O)
138,7868801,버벌진트,"Me, Myself & I (Prod. by 버벌진트) (Feat. 제시, 휘성)"
139,7863752,G-Park 박명수,커피 (Prod. by G-Park 박명수)
140,7868801,버벌진트,"Me, Myself & I (Prod. by 버벌진트) (Feat. 제시, 휘성)"
141,7859960,버벌진트,"음악이 아니었다면 (Prod. by 버벌진트) (Feat. 치타, 버벌진트)"
142,7852464, D.O,언프리티 랩스타 (Don`t Stop) (Prod. By D.O)
143,7874382,"박재범, Cha Cha Malone","Solo (Remix) (Prod. by 박재범, Cha Cha Malone) (Feat. 박재범, 로꼬)"
144,7863752,G-Park 박명수,커피 (Prod. by G-Park 박명수)
145,7874382,"박재범, Cha Cha Malone","Solo (Remix) (Prod. by 박재범, Cha Cha Malone) (Feat. 박재범, 로꼬)"
146,7868801,버벌진트,"Me, Myself & I (Prod. by 버벌진트) (Feat. 제시, 휘성)"
147,7859960,버벌진트,"음악이 아니었다면 (Prod. by 버벌진트) (Feat. 치타, 버벌진트)"
148,7852464, D.O,언프리티 랩스타 (Don`t Stop) (Prod. By D.O)
149,7863752,G-Park 박명수,커피 (Prod. by G-Park 박명수)
150,7874382,"박재범, Cha Cha Malone","Solo (Remix) (Prod. by 박재범, Cha Cha Malone) (Feat. 박재범, 로꼬)"
151,7868801,버벌진트,"Me, Myself & I (Prod. by 버벌진트) (Feat. 제시, 휘성)"
152,7881322,"박재범, Cha Cha Malone","사랑 할 때 아니야 (Money) (Prod. by 박재범, Cha Cha Malone) (Feat. 박재범, 지구인)"
153,7859960,버벌진트,"음악이 아니었다면 (Prod. by 버벌진트) (Feat. 치타, 버벌진트)"
154,7852464, D.O,언프리티 랩스타 (Don`t Stop) (Prod. By D.O)
155,7888331,Dok2,Bandz Up (Prod. by Dok2) (Feat. Dok2)
156,7863752,G-Park 박명수,커피 (Prod. by G-Park 박명수)
157,7874382,"박재범, Cha Cha Malone","Solo (Remix) (Prod. by 박재범, Cha Cha Malone) (Feat. 박재범, 로꼬)"
158,7888331,Dok2,Bandz Up (Prod. by Dok2) (Feat. Dok2)
159,7868801,버벌진트,"Me, Myself & I (Prod. by 버벌진트) (Feat. 제시, 휘성)"
160,7888391,The Quiett,싹 다 (Prod. by The Quiett) (Feat. The Quiett)
161,7881322,"박재범, Cha Cha Malone","사랑 할 때 아니야 (Money) (Prod. by 박재범, Cha Cha Malone) (Feat. 박재범, 지구인)"
162,7863752,G-Park 박명수,커피 (Prod. by G-Park 박명수)
163,7888331,Dok2,Bandz Up (Prod. by Dok2) (Feat. Dok2)
164,7874382,"박재범, Cha Cha Malone","Solo (Remix) (Prod. by 박재범, Cha Cha Malone) (Feat. 박재범, 로꼬)"
165,7898990,YDG,"아슬아슬해 (Prod. by YDG) (Feat. 마이크로닷, YDG)"
166,7868801,버벌진트,"Me, Myself & I (Prod. by 버벌진트) (Feat. 제시, 휘성)"
167,7863752,G-Park 박명수,커피 (Prod. by G-Park 박명수)
168,7874382,"박재범, Cha Cha Malone","Solo (Remix) (Prod. by 박재범, Cha Cha Malone) (Feat. 박재범, 로꼬)"
169,7888331,Dok2,Bandz Up (Prod. by Dok2) (Feat. Dok2)
170,7863752,G-Park 박명수,커피 (Prod. by G-Park 박명수)
171,7874382,"박재범, Cha Cha Malone","Solo (Remix) (Prod. by 박재범, Cha Cha Malone) (Feat. 박재범, 로꼬)"
172,7888331,Dok2,Bandz Up (Prod. by Dok2) (Feat. Dok2)
173,7926120,이찬혁 of 악동뮤지션,널 생각해 (Prod. by 이찬혁 of 악동뮤지션)
174,7863752,G-Park 박명수,커피 (Prod. by G-Park 박명수)
175,7926120,이찬혁 of 악동뮤지션,널 생각해 (Prod. by 이찬혁 of 악동뮤지션)
176,7874382,"박재범, Cha Cha Malone","Solo (Remix) (Prod. by 박재범, Cha Cha Malone) (Feat. 박재범, 로꼬)"
177,7863752,G-Park 박명수,커피 (Prod. by G-Park 박명수)
178,7863752,G-Park 박명수,커피 (Prod. by G-Park 박명수)
179,7970998,타블로,허세 (Prod. by 타블로)
180,7970998,타블로,허세 (Prod. by 타블로)
181,7995991, Fisherman of wybh,호구 (Prod. By Fisherman of wybh) (Feat. 브라더수)
182,8005879,박근태,Dream (Prod. by 박근태)
183,7995991, Fisherman of wybh,호구 (Prod. By Fisherman of wybh) (Feat. 브라더수)
184,8005879,박근태,Dream (Prod. by 박근태)
185,7995991, Fisherman of wybh,호구 (Prod. By Fisherman of wybh) (Feat. 브라더수)
186,8005879,박근태,Dream (Prod. by 박근태)
187,7995991, Fisherman of wybh,호구 (Prod. By Fisherman of wybh) (Feat. 브라더수)
188,8005879,박근태,Dream (Prod. by 박근태)
189,8005879,박근태,Dream (Prod. by 박근태)
190,8005879,박근태,Dream (Prod. by 박근태)
191,8005879,박근태,Dream (Prod. by 박근태)
192,8005879,박근태,Dream (Prod. by 박근태)
193,8062901,G-Park,꽃같아 (Feat. 버벌진트) (Prod. by G-Park)
194,8005879,박근태,Dream (Prod. by 박근태)
195,8062901,G-Park,꽃같아 (Feat. 버벌진트) (Prod. by G-Park)
196,8005879,박근태,Dream (Prod. by 박근태)
197,8062901,G-Park,꽃같아 (Feat. 버벌진트) (Prod. by G-Park)
198,8005879,박근태,Dream (Prod. by 박근태)
199,8005879,박근태,Dream (Prod. by 박근태)
200,8005879,박근태,Dream (Prod. by 박근태)
201,8005879,박근태,Dream (Prod. by 박근태)
202,8005879,박근태,Dream (Prod. by 박근태)
203,8005879,박근태,Dream (Prod. by 박근태)
204,8161257,박근태,내 입술 따뜻한 커피처럼 (Feat. 이성경) (Prod. by 박근태)
205,8005879,박근태,Dream (Prod. by 박근태)
206,8158147,ZICO,NICE 2 MEET U (Prod. by ZICO) (Feat. 소야)
207,8161257,박근태,내 입술 따뜻한 커피처럼 (Feat. 이성경) (Prod. by 박근태)
208,8005879,박근태,Dream (Prod. by 박근태)
209,8161257,박근태,내 입술 따뜻한 커피처럼 (Feat. 이성경) (Prod. by 박근태)
210,8005879,박근태,Dream (Prod. by 박근태)
211,8161257,박근태,내 입술 따뜻한 커피처럼 (Feat. 이성경) (Prod. by 박근태)
212,8005879,박근태,Dream (Prod. by 박근태)
213,8161257,박근태,내 입술 따뜻한 커피처럼 (Feat. 이성경) (Prod. by 박근태)
214,8005879,박근태,Dream (Prod. by 박근태)
215,8161257,박근태,내 입술 따뜻한 커피처럼 (Feat. 이성경) (Prod. by 박근태)
216,8005879,박근태,Dream (Prod. by 박근태)
217,8161257,박근태,내 입술 따뜻한 커피처럼 (Feat. 이성경) (Prod. by 박근태)
218,8005879,박근태,Dream (Prod. by 박근태)
219,8233291, GRAY,니가 알던 내가 아냐 (Prod. By GRAY)
220,8161257,박근태,내 입술 따뜻한 커피처럼 (Feat. 이성경) (Prod. by 박근태)
221,8226483,박근태,니가 참 좋아 (Prod. by 박근태)
222,8005879,박근태,Dream (Prod. by 박근태)
223,8233291, GRAY,니가 알던 내가 아냐 (Prod. By GRAY)
224,8161257,박근태,내 입술 따뜻한 커피처럼 (Feat. 이성경) (Prod. by 박근태)
225,8226483,박근태,니가 참 좋아 (Prod. by 박근태)
226,8005879,박근태,Dream (Prod. by 박근태)
227,8233291, GRAY,니가 알던 내가 아냐 (Prod. By GRAY)
228,8252408, GRAY,Forever (Prod. By GRAY)
229,8161257,박근태,내 입술 따뜻한 커피처럼 (Feat. 이성경) (Prod. by 박근태)
230,8226483,박근태,니가 참 좋아 (Prod. by 박근태)
231,8252408, GRAY,Forever (Prod. By GRAY)
232,8233291, GRAY,니가 알던 내가 아냐 (Prod. By GRAY)
233,8261338,GRAY,Day Day (Feat. 박재범) (Prod. by GRAY)
234,8161257,박근태,내 입술 따뜻한 커피처럼 (Feat. 이성경) (Prod. by 박근태)
235,8261338,GRAY,Day Day (Feat. 박재범) (Prod. by GRAY)
236,8252408, GRAY,Forever (Prod. By GRAY)
237,8233291, GRAY,니가 알던 내가 아냐 (Prod. By GRAY)
238,8161257,박근태,내 입술 따뜻한 커피처럼 (Feat. 이성경) (Prod. by 박근태)
239,8271314,ewhY,쌈박자 (XamBaqJa) (Prod. by BewhY)
240,8261338,GRAY,Day Day (Feat. 박재범) (Prod. by GRAY)
241,8252408, GRAY,Forever (Prod. By GRAY)
242,8233291, GRAY,니가 알던 내가 아냐 (Prod. By GRAY)
243,8271314,ewhY,쌈박자 (XamBaqJa) (Prod. by BewhY)
244,8161257,박근태,내 입술 따뜻한 커피처럼 (Feat. 이성경) (Prod. by 박근태)
245,8271317,ewhY,자화상 pt.2 (Fake) (Prod. by BewhY)
246,8261338,GRAY,Day Day (Feat. 박재범) (Prod. by GRAY)
247,8252408, GRAY,Forever (Prod. By GRAY)
248,8233291, GRAY,니가 알던 내가 아냐 (Prod. By GRAY)
249,8161257,박근태,내 입술 따뜻한 커피처럼 (Feat. 이성경) (Prod. by 박근태)
250,8271314,ewhY,쌈박자 (XamBaqJa) (Prod. by BewhY)
251,8271317,ewhY,자화상 pt.2 (Fake) (Prod. by BewhY)
252,8261338,GRAY,Day Day (Feat. 박재범) (Prod. by GRAY)
253,8252408, GRAY,Forever (Prod. By GRAY)
254,8233291, GRAY,니가 알던 내가 아냐 (Prod. By GRAY)
255,8161257,박근태,내 입술 따뜻한 커피처럼 (Feat. 이성경) (Prod. by 박근태)
256,8271314,ewhY,쌈박자 (XamBaqJa) (Prod. by BewhY)
257,8261338,GRAY,Day Day (Feat. 박재범) (Prod. by GRAY)
258,8252408, GRAY,Forever (Prod. By GRAY)
259,8233291, GRAY,니가 알던 내가 아냐 (Prod. By GRAY)
260,8302291,Gill,"빰빰해 (Prod. by Gill) (Feat. Gill, Mad Clown, 길조카들)"
261,8161257,박근태,내 입술 따뜻한 커피처럼 (Feat. 이성경) (Prod. by 박근태)
262,8271314,ewhY,쌈박자 (XamBaqJa) (Prod. by BewhY)
263,8261338,GRAY,Day Day (Feat. 박재범) (Prod. by GRAY)
264,8252408, GRAY,Forever (Prod. By GRAY)
265,8233291, GRAY,니가 알던 내가 아냐 (Prod. By GRAY)
266,8161257,박근태,내 입술 따뜻한 커피처럼 (Feat. 이성경) (Prod. by 박근태)
267,8302291,Gill,"빰빰해 (Prod. by Gill) (Feat. Gill, Mad Clown, 길조카들)"
268,8261338,GRAY,Day Day (Feat. 박재범) (Prod. by GRAY)
269,8252408, GRAY,Forever (Prod. By GRAY)
270,8233291, GRAY,니가 알던 내가 아냐 (Prod. By GRAY)
271,9610697,KUSH,무서워 (Prod. by KUSH)
272,8161257,박근태,내 입술 따뜻한 커피처럼 (Feat. 이성경) (Prod. by 박근태)
273,8302291,Gill,"빰빰해 (Prod. by Gill) (Feat. Gill, Mad Clown, 길조카들)"
274,8261338,GRAY,Day Day (Feat. 박재범) (Prod. by GRAY)
275,8252408, GRAY,Forever (Prod. By GRAY)
276,8233291, GRAY,니가 알던 내가 아냐 (Prod. By GRAY)
277,9620831, San E,Sticky (Prod. By San E) (Feat. San E)
278,8161257,박근태,내 입술 따뜻한 커피처럼 (Feat. 이성경) (Prod. by 박근태)
279,9610697,KUSH,무서워 (Prod. by KUSH)
280,8261338,GRAY,Day Day (Feat. 박재범) (Prod. by GRAY)
281,8252408, GRAY,Forever (Prod. By GRAY)
282,8233291, GRAY,니가 알던 내가 아냐 (Prod. By GRAY)
283,9620831, San E,Sticky (Prod. By San E) (Feat. San E)
284,9630200,. DEAN,Ain`t Got Nobody (Prod By. DEAN) (Feat. DEAN)
285,8161257,박근태,내 입술 따뜻한 커피처럼 (Feat. 이성경) (Prod. by 박근태)
286,9630201, DEAN,"No Thx (Prod. By DEAN) (Feat. 수란, DEAN)"
287,8261338,GRAY,Day Day (Feat. 박재범) (Prod. by GRAY)
288,8252408, GRAY,Forever (Prod. By GRAY)
289,9644886, 진영(B1A4,안갯길 (Prod. By 진영(B1A4))
290,8233291, GRAY,니가 알던 내가 아냐 (Prod. By GRAY)
291,9620831, San E,Sticky (Prod. By San E) (Feat. San E)
292,9641843, 스윙스,Nothing (Prod. By 스윙스) (Feat. 스윙스)
293,9630201, DEAN,"No Thx (Prod. By DEAN) (Feat. 수란, DEAN)"
294,8261338,GRAY,Day Day (Feat. 박재범) (Prod. by GRAY)
295,8252408, GRAY,Forever (Prod. By GRAY)
296,9644886, 진영(B1A4,안갯길 (Prod. By 진영(B1A4))
297,8233291, GRAY,니가 알던 내가 아냐 (Prod. By GRAY)
298,8261338,GRAY,Day Day (Feat. 박재범) (Prod. by GRAY)
299,8252408, GRAY,Forever (Prod. By GRAY)
300,9644886, 진영(B1A4,안갯길 (Prod. By 진영(B1A4))
301,8233291, GRAY,니가 알던 내가 아냐 (Prod. By GRAY)
302,8261338,GRAY,Day Day (Feat. 박재범) (Prod. by GRAY)
303,8252408, GRAY,Forever (Prod. By GRAY)
304,9644886, 진영(B1A4,안갯길 (Prod. By 진영(B1A4))
305,8233291, GRAY,니가 알던 내가 아냐 (Prod. By GRAY)
306,8261338,GRAY,Day Day (Feat. 박재범) (Prod. by GRAY)
307,8252408, GRAY,Forever (Prod. By GRAY)
308,9644886, 진영(B1A4,안갯길 (Prod. By 진영(B1A4))
309,8261338,GRAY,Day Day (Feat. 박재범) (Prod. by GRAY)
310,8252408, GRAY,Forever (Prod. By GRAY)
311,9644886, 진영(B1A4,안갯길 (Prod. By 진영(B1A4))
312,8261338,GRAY,Day Day (Feat. 박재범) (Prod. by GRAY)
313,8252408, GRAY,Forever (Prod. By GRAY)
314,9644886, 진영(B1A4,안갯길 (Prod. By 진영(B1A4))
315,8261338,GRAY,Day Day (Feat. 박재범) (Prod. by GRAY)
316,8252408, GRAY,Forever (Prod. By GRAY)
317,9644886, 진영(B1A4,안갯길 (Prod. By 진영(B1A4))
318,8261338,GRAY,Day Day (Feat. 박재범) (Prod. by GRAY)
319,8252408, GRAY,Forever (Prod. By GRAY)
320,30087587,윤종신,블라블라 (Prod.by 윤종신) (Blah Blah)
321,9644886, 진영(B1A4,안갯길 (Prod. By 진영(B1A4))
322,30087589,성시경,여전히 아늑해 (Prod.by 성시경) (Still)
323,8261338,GRAY,Day Day (Feat. 박재범) (Prod. by GRAY)
324,8252408, GRAY,Forever (Prod. By GRAY)
325,30087587,윤종신,블라블라 (Prod.by 윤종신) (Blah Blah)
326,9644886, 진영(B1A4,안갯길 (Prod. By 진영(B1A4))
327,30087589,성시경,여전히 아늑해 (Prod.by 성시경) (Still)
328,30105590, ZICO,꽃길 (Prod. By ZICO)
329,8261338,GRAY,Day Day (Feat. 박재범) (Prod. by GRAY)
330,8252408, GRAY,Forever (Prod. By GRAY)
331,30087587,윤종신,블라블라 (Prod.by 윤종신) (Blah Blah)
332,9644886, 진영(B1A4,안갯길 (Prod. By 진영(B1A4))
333,30087589,성시경,여전히 아늑해 (Prod.by 성시경) (Still)
334,30105590, ZICO,꽃길 (Prod. By ZICO)
335,8261338,GRAY,Day Day (Feat. 박재범) (Prod. by GRAY)
336,8252408, GRAY,Forever (Prod. By GRAY)
337,30087587,윤종신,블라블라 (Prod.by 윤종신) (Blah Blah)
338,9644886, 진영(B1A4,안갯길 (Prod. By 진영(B1A4))
339,30105590, ZICO,꽃길 (Prod. By ZICO)
340,8261338,GRAY,Day Day (Feat. 박재범) (Prod. by GRAY)
341,8252408, GRAY,Forever (Prod. By GRAY)
342,9644886, 진영(B1A4,안갯길 (Prod. By 진영(B1A4))
343,30105590, ZICO,꽃길 (Prod. By ZICO)
344,8261338,GRAY,Day Day (Feat. 박재범) (Prod. by GRAY)
345,8252408, GRAY,Forever (Prod. By GRAY)
346,30105590, ZICO,꽃길 (Prod. By ZICO)
347,8261338,GRAY,Day Day (Feat. 박재범) (Prod. by GRAY)
348,8252408, GRAY,Forever (Prod. By GRAY)
349,30105590, ZICO,꽃길 (Prod. By ZICO)
350,8261338,GRAY,Day Day (Feat. 박재범) (Prod. by GRAY)
351,8252408, GRAY,Forever (Prod. By GRAY)
352,30177184, 하동균,널 미워하지 않길 (Prod. By 하동균)
353,30105590, ZICO,꽃길 (Prod. By ZICO)
354,8261338,GRAY,Day Day (Feat. 박재범) (Prod. by GRAY)
355,30177184, 하동균,널 미워하지 않길 (Prod. By 하동균)
356,8252408, GRAY,Forever (Prod. By GRAY)
357,30105590, ZICO,꽃길 (Prod. By ZICO)
358,8261338,GRAY,Day Day (Feat. 박재범) (Prod. by GRAY)
359,8252408, GRAY,Forever (Prod. By GRAY)
360,30177184, 하동균,널 미워하지 않길 (Prod. By 하동균)
361,30202716,PSY,최고의 선물 (Prod. by PSY)
362,30105590, ZICO,꽃길 (Prod. By ZICO)
363,8261338,GRAY,Day Day (Feat. 박재범) (Prod. by GRAY)
364,8252408, GRAY,Forever (Prod. By GRAY)
365,30208547,박근태,HONEY BEE (Prod. by 박근태)
366,30202716,PSY,최고의 선물 (Prod. by PSY)
367,30105590, ZICO,꽃길 (Prod. By ZICO)
368,30215674, 박근태,Think About` Chu (Prod. By 박근태)
369,8261338,GRAY,Day Day (Feat. 박재범) (Prod. by GRAY)
370,8252408, GRAY,Forever (Prod. By GRAY)
371,30208547,박근태,HONEY BEE (Prod. by 박근태)
372,30202716,PSY,최고의 선물 (Prod. by PSY)
373,30105590, ZICO,꽃길 (Prod. By ZICO)
374,30215674, 박근태,Think About` Chu (Prod. By 박근태)
375,8261338,GRAY,Day Day (Feat. 박재범) (Prod. by GRAY)
376,8252408, GRAY,Forever (Prod. By GRAY)
377,30202716,PSY,최고의 선물 (Prod. by PSY)
378,30105590, ZICO,꽃길 (Prod. By ZICO)
379,30215674, 박근태,Think About` Chu (Prod. By 박근태)
380,8261338,GRAY,Day Day (Feat. 박재범) (Prod. by GRAY)
381,8252408, GRAY,Forever (Prod. By GRAY)
382,30202716,PSY,최고의 선물 (Prod. by PSY)
383,30105590, ZICO,꽃길 (Prod. By ZICO)
384,30215674, 박근태,Think About` Chu (Prod. By 박근태)
385,8261338,GRAY,Day Day (Feat. 박재범) (Prod. by GRAY)
386,30105590, ZICO,꽃길 (Prod. By ZICO)
387,30202716,PSY,최고의 선물 (Prod. by PSY)
388,8261338,GRAY,Day Day (Feat. 박재범) (Prod. by GRAY)
389,30215674, 박근태,Think About` Chu (Prod. By 박근태)
390,30105590, ZICO,꽃길 (Prod. By ZICO)
391,30202716,PSY,최고의 선물 (Prod. by PSY)
392,8261338,GRAY,Day Day (Feat. 박재범) (Prod. by GRAY)
393,30215674, 박근태,Think About` Chu (Prod. By 박근태)
394,30105590, ZICO,꽃길 (Prod. By ZICO)
395,30202716,PSY,최고의 선물 (Prod. by PSY)
396,8261338,GRAY,Day Day (Feat. 박재범) (Prod. by GRAY)
397,30105590, ZICO,꽃길 (Prod. By ZICO)
398,30202716,PSY,최고의 선물 (Prod. by PSY)
399,8261338,GRAY,Day Day (Feat. 박재범) (Prod. by GRAY)
400,30105590, ZICO,꽃길 (Prod. By ZICO)
401,30202716,PSY,최고의 선물 (Prod. by PSY)
402,30105590, ZICO,꽃길 (Prod. By ZICO)
403,30105590, ZICO,꽃길 (Prod. By ZICO)
404,30341023, Big Pie,고속 (Prod. By Big Pie)
405,30367365,GroovyRoom,BLUE MOON (Prod. GroovyRoom)
406,30105590, ZICO,꽃길 (Prod. By ZICO)
407,30341023, Big Pie,고속 (Prod. By Big Pie)
408,30367365,GroovyRoom,BLUE MOON (Prod. GroovyRoom)
409,30105590, ZICO,꽃길 (Prod. By ZICO)
410,30390068,SUGA,오늘 취하면 (Feat. 창모) (Prod. SUGA)
411,30367365,GroovyRoom,BLUE MOON (Prod. GroovyRoom)
412,30105590, ZICO,꽃길 (Prod. By ZICO)
413,30390068,SUGA,오늘 취하면 (Feat. 창모) (Prod. SUGA)
414,30367365,GroovyRoom,BLUE MOON (Prod. GroovyRoom)
415,30105590, ZICO,꽃길 (Prod. By ZICO)
416,30390068,SUGA,오늘 취하면 (Feat. 창모) (Prod. SUGA)
417,30367365,GroovyRoom,BLUE MOON (Prod. GroovyRoom)
418,30390068,SUGA,오늘 취하면 (Feat. 창모) (Prod. SUGA)
419,30367365,GroovyRoom,BLUE MOON (Prod. GroovyRoom)
420,30390068,SUGA,오늘 취하면 (Feat. 창모) (Prod. SUGA)
421,30367365,GroovyRoom,BLUE MOON (Prod. GroovyRoom)
422,30390068,SUGA,오늘 취하면 (Feat. 창모) (Prod. SUGA)
423,30367365,GroovyRoom,BLUE MOON (Prod. GroovyRoom)
424,30390068,SUGA,오늘 취하면 (Feat. 창모) (Prod. SUGA)
425,30367365,GroovyRoom,BLUE MOON (Prod. GroovyRoom)
426,30456119,길 Of Magic Mansion,I I YO (Prod. 길 Of Magic Mansion)
427,30390068,SUGA,오늘 취하면 (Feat. 창모) (Prod. SUGA)
428,30367365,GroovyRoom,BLUE MOON (Prod. GroovyRoom)
429,30465044,박경,좋아한다 안 한다 (Duet. 세정 of 구구단) (Prod. 박경)
430,30390068,SUGA,오늘 취하면 (Feat. 창모) (Prod. SUGA)
431,30367365,GroovyRoom,BLUE MOON (Prod. GroovyRoom)
432,30465044,박경,좋아한다 안 한다 (Duet. 세정 of 구구단) (Prod. 박경)
433,30390068,SUGA,오늘 취하면 (Feat. 창모) (Prod. SUGA)
434,30367365,GroovyRoom,BLUE MOON (Prod. GroovyRoom)
435,30495276,GroovyRoom,FRUITY (Prod. GroovyRoom)
436,30465044,박경,좋아한다 안 한다 (Duet. 세정 of 구구단) (Prod. 박경)
437,30390068,SUGA,오늘 취하면 (Feat. 창모) (Prod. SUGA)
438,30367365,GroovyRoom,BLUE MOON (Prod. GroovyRoom)
439,30495276,GroovyRoom,FRUITY (Prod. GroovyRoom)
440,30390068,SUGA,오늘 취하면 (Feat. 창모) (Prod. SUGA)
441,30367365,GroovyRoom,BLUE MOON (Prod. GroovyRoom)
442,30495276,GroovyRoom,FRUITY (Prod. GroovyRoom)
443,30390068,SUGA,오늘 취하면 (Feat. 창모) (Prod. SUGA)
444,30367365,GroovyRoom,BLUE MOON (Prod. GroovyRoom)
445,30390068,SUGA,오늘 취하면 (Feat. 창모) (Prod. SUGA)
446,30367365,GroovyRoom,BLUE MOON (Prod. GroovyRoom)
447,30390068,SUGA,오늘 취하면 (Feat. 창모) (Prod. SUGA)
448,30367365,GroovyRoom,BLUE MOON (Prod. GroovyRoom)
449,30390068,SUGA,오늘 취하면 (Feat. 창모) (Prod. SUGA)
450,30367365,GroovyRoom,BLUE MOON (Prod. GroovyRoom)
451,30390068,SUGA,오늘 취하면 (Feat. 창모) (Prod. SUGA)
452,30367365,GroovyRoom,BLUE MOON (Prod. GroovyRoom)
453,30390068,SUGA,오늘 취하면 (Feat. 창모) (Prod. SUGA)
454,30367365,GroovyRoom,BLUE MOON (Prod. GroovyRoom)
455,30390068,SUGA,오늘 취하면 (Feat. 창모) (Prod. SUGA)
456,30367365,GroovyRoom,BLUE MOON (Prod. GroovyRoom)
457,30390068,SUGA,오늘 취하면 (Feat. 창모) (Prod. SUGA)
458,30367365,GroovyRoom,BLUE MOON (Prod. GroovyRoom)
459,30390068,SUGA,오늘 취하면 (Feat. 창모) (Prod. SUGA)
460,30367365,GroovyRoom,BLUE MOON (Prod. GroovyRoom)
461,30390068,SUGA,오늘 취하면 (Feat. 창모) (Prod. SUGA)
462,30367365,GroovyRoom,BLUE MOON (Prod. GroovyRoom)
463,30390068,SUGA,오늘 취하면 (Feat. 창모) (Prod. SUGA)
464,30367365,GroovyRoom,BLUE MOON (Prod. GroovyRoom)
465,30390068,SUGA,오늘 취하면 (Feat. 창모) (Prod. SUGA)
466,30660281, 박근태,Perhaps Love (사랑인가요) (Prod.By 박근태)
467,30367365,GroovyRoom,BLUE MOON (Prod. GroovyRoom)
468,30390068,SUGA,오늘 취하면 (Feat. 창모) (Prod. SUGA)
469,30660281, 박근태,Perhaps Love (사랑인가요) (Prod.By 박근태)
470,30367365,GroovyRoom,BLUE MOON (Prod. GroovyRoom)
471,30390068,SUGA,오늘 취하면 (Feat. 창모) (Prod. SUGA)
472,30660281, 박근태,Perhaps Love (사랑인가요) (Prod.By 박근태)
473,30390068,SUGA,오늘 취하면 (Feat. 창모) (Prod. SUGA)
474,30660281, 박근태,Perhaps Love (사랑인가요) (Prod.By 박근태)
475,30390068,SUGA,오늘 취하면 (Feat. 창모) (Prod. SUGA)
476,30660281, 박근태,Perhaps Love (사랑인가요) (Prod.By 박근태)
477,30390068,SUGA,오늘 취하면 (Feat. 창모) (Prod. SUGA)
478,30660281, 박근태,Perhaps Love (사랑인가요) (Prod.By 박근태)
479,30390068,SUGA,오늘 취하면 (Feat. 창모) (Prod. SUGA)
480,30390068,SUGA,오늘 취하면 (Feat. 창모) (Prod. SUGA)
481,30390068,SUGA,오늘 취하면 (Feat. 창모) (Prod. SUGA)
482,30390068,SUGA,오늘 취하면 (Feat. 창모) (Prod. SUGA)
483,30390068,SUGA,오늘 취하면 (Feat. 창모) (Prod. SUGA)
484,30390068,SUGA,오늘 취하면 (Feat. 창모) (Prod. SUGA)
485,30390068,SUGA,오늘 취하면 (Feat. 창모) (Prod. SUGA)
486,30390068,SUGA,오늘 취하면 (Feat. 창모) (Prod. SUGA)
487,30390068,SUGA,오늘 취하면 (Feat. 창모) (Prod. SUGA)
488,30390068,SUGA,오늘 취하면 (Feat. 창모) (Prod. SUGA)
489,30390068,SUGA,오늘 취하면 (Feat. 창모) (Prod. SUGA)
490,30390068,SUGA,오늘 취하면 (Feat. 창모) (Prod. SUGA)
491,30957524,SLO,북 (Prod. SLO)
492,30957524,SLO,북 (Prod. SLO)
493,30974156,Godic,어린 왕자 (Prod. Godic)
494,30957524,SLO,북 (Prod. SLO)
495,30974156,Godic,어린 왕자 (Prod. Godic)
496,30989550,GroovyRoom,바코드 (Prod. GroovyRoom)
497,30989550,GroovyRoom,바코드 (Prod. GroovyRoom)
498,30957524,SLO,북 (Prod. SLO)
499,30974156,Godic,어린 왕자 (Prod. Godic)
500,31004548,OYCOLD,탓 (Prod. BOYCOLD)
501,30989545,GroovyRoom,MADMAX (Feat. Woodie Gochild) (Prod. GroovyRoom)
502,30989550,GroovyRoom,바코드 (Prod. GroovyRoom)
503,30957524,SLO,북 (Prod. SLO)
504,30974156,Godic,어린 왕자 (Prod. Godic)
505,31004548,OYCOLD,탓 (Prod. BOYCOLD)
506,31004550,OYCOLD,Adios (Prod. BOYCOLD)
507,31019584,GroovyRoom,붕붕 (Feat. 식케이) (Prod. GroovyRoom)
508,31019586,GroovyRoom,전혀 (Feat. 우원재) (Prod. GroovyRoom)
509,31019585,Padi,"이로한 (Feat. ELO, Jessi) (Prod. Padi)"
510,31019584,GroovyRoom,붕붕 (Feat. 식케이) (Prod. GroovyRoom)
511,30989550,GroovyRoom,바코드 (Prod. GroovyRoom)
512,31019586,GroovyRoom,전혀 (Feat. 우원재) (Prod. GroovyRoom)
513,30957524,SLO,북 (Prod. SLO)
514,31019585,Padi,"이로한 (Feat. ELO, Jessi) (Prod. Padi)"
515,30974156,Godic,어린 왕자 (Prod. Godic)
516,31004548,OYCOLD,탓 (Prod. BOYCOLD)
517,31004550,OYCOLD,Adios (Prod. BOYCOLD)
518,31019584,GroovyRoom,붕붕 (Feat. 식케이) (Prod. GroovyRoom)
519,30989550,GroovyRoom,바코드 (Prod. GroovyRoom)
520,31019586,GroovyRoom,전혀 (Feat. 우원재) (Prod. GroovyRoom)
521,30957524,SLO,북 (Prod. SLO)
522,31019585,Padi,"이로한 (Feat. ELO, Jessi) (Prod. Padi)"
523,30974156,Godic,어린 왕자 (Prod. Godic)
524,31004548,OYCOLD,탓 (Prod. BOYCOLD)
525,31004550,OYCOLD,Adios (Prod. BOYCOLD)
526,31019584,GroovyRoom,붕붕 (Feat. 식케이) (Prod. GroovyRoom)
527,30989550,GroovyRoom,바코드 (Prod. GroovyRoom)
528,30957524,SLO,북 (Prod. SLO)
529,31019586,GroovyRoom,전혀 (Feat. 우원재) (Prod. GroovyRoom)
530,30974156,Godic,어린 왕자 (Prod. Godic)
531,31019585,Padi,"이로한 (Feat. ELO, Jessi) (Prod. Padi)"
532,31004548,OYCOLD,탓 (Prod. BOYCOLD)
533,31004550,OYCOLD,Adios (Prod. BOYCOLD)
534,31019584,GroovyRoom,붕붕 (Feat. 식케이) (Prod. GroovyRoom)
535,30989550,GroovyRoom,바코드 (Prod. GroovyRoom)
536,30957524,SLO,북 (Prod. SLO)
537,31019586,GroovyRoom,전혀 (Feat. 우원재) (Prod. GroovyRoom)
538,30974156,Godic,어린 왕자 (Prod. Godic)
539,31019585,Padi,"이로한 (Feat. ELO, Jessi) (Prod. Padi)"
540,31004548,OYCOLD,탓 (Prod. BOYCOLD)
541,31004550,OYCOLD,Adios (Prod. BOYCOLD)
542,31019584,GroovyRoom,붕붕 (Feat. 식케이) (Prod. GroovyRoom)
543,30989550,GroovyRoom,바코드 (Prod. GroovyRoom)
544,30957524,SLO,북 (Prod. SLO)
545,31019586,GroovyRoom,전혀 (Feat. 우원재) (Prod. GroovyRoom)
546,30974156,Godic,어린 왕자 (Prod. Godic)
547,31019585,Padi,"이로한 (Feat. ELO, Jessi) (Prod. Padi)"
548,31004548,OYCOLD,탓 (Prod. BOYCOLD)
549,31019584,GroovyRoom,붕붕 (Feat. 식케이) (Prod. GroovyRoom)
550,30989550,GroovyRoom,바코드 (Prod. GroovyRoom)
551,30957524,SLO,북 (Prod. SLO)
552,31019586,GroovyRoom,전혀 (Feat. 우원재) (Prod. GroovyRoom)
553,30974156,Godic,어린 왕자 (Prod. Godic)
554,31019585,Padi,"이로한 (Feat. ELO, Jessi) (Prod. Padi)"
555,31004548,OYCOLD,탓 (Prod. BOYCOLD)
556,31019584,GroovyRoom,붕붕 (Feat. 식케이) (Prod. GroovyRoom)
557,30989550,GroovyRoom,바코드 (Prod. GroovyRoom)
558,30957524,SLO,북 (Prod. SLO)
559,31019586,GroovyRoom,전혀 (Feat. 우원재) (Prod. GroovyRoom)
560,30974156,Godic,어린 왕자 (Prod. Godic)
561,31019585,Padi,"이로한 (Feat. ELO, Jessi) (Prod. Padi)"
562,31113241,ZICO,캥거루 (Kangaroo) (Prod. ZICO)
563,31019584,GroovyRoom,붕붕 (Feat. 식케이) (Prod. GroovyRoom)
564,31113243,헤이즈,모래시계 (Prod. 헤이즈)
565,31113242,NELL,영원+1 (Prod. NELL)
566,30989550,GroovyRoom,바코드 (Prod. GroovyRoom)
567,31113244,다이나믹듀오,11 (Prod. 다이나믹듀오)
568,30957524,SLO,북 (Prod. SLO)
569,31019586,GroovyRoom,전혀 (Feat. 우원재) (Prod. GroovyRoom)
570,30974156,Godic,어린 왕자 (Prod. Godic)
571,31113241,ZICO,캥거루 (Kangaroo) (Prod. ZICO)
572,31019584,GroovyRoom,붕붕 (Feat. 식케이) (Prod. GroovyRoom)
573,31113243,헤이즈,모래시계 (Prod. 헤이즈)
574,30989550,GroovyRoom,바코드 (Prod. GroovyRoom)
575,31113242,NELL,영원+1 (Prod. NELL)
576,31113244,다이나믹듀오,11 (Prod. 다이나믹듀오)
577,30957524,SLO,북 (Prod. SLO)
578,31019586,GroovyRoom,전혀 (Feat. 우원재) (Prod. GroovyRoom)
579,30974156,Godic,어린 왕자 (Prod. Godic)
580,31113241,ZICO,캥거루 (Kangaroo) (Prod. ZICO)
581,31019584,GroovyRoom,붕붕 (Feat. 식케이) (Prod. GroovyRoom)
582,31113243,헤이즈,모래시계 (Prod. 헤이즈)
583,31113242,NELL,영원+1 (Prod. NELL)
584,30989550,GroovyRoom,바코드 (Prod. GroovyRoom)
585,31113244,다이나믹듀오,11 (Prod. 다이나믹듀오)
586,30957524,SLO,북 (Prod. SLO)
587,31019586,GroovyRoom,전혀 (Feat. 우원재) (Prod. GroovyRoom)
588,30974156,Godic,어린 왕자 (Prod. Godic)
589,31113241,ZICO,캥거루 (Kangaroo) (Prod. ZICO)
590,31019584,GroovyRoom,붕붕 (Feat. 식케이) (Prod. GroovyRoom)
591,31113243,헤이즈,모래시계 (Prod. 헤이즈)
592,31113242,NELL,영원+1 (Prod. NELL)
593,30989550,GroovyRoom,바코드 (Prod. GroovyRoom)
594,31113244,다이나믹듀오,11 (Prod. 다이나믹듀오)
595,30957524,SLO,북 (Prod. SLO)
596,31113241,ZICO,캥거루 (Kangaroo) (Prod. ZICO)
597,31019584,GroovyRoom,붕붕 (Feat. 식케이) (Prod. GroovyRoom)
598,31113243,헤이즈,모래시계 (Prod. 헤이즈)
599,31113242,NELL,영원+1 (Prod. NELL)
600,30989550,GroovyRoom,바코드 (Prod. GroovyRoom)
601,31113244,다이나믹듀오,11 (Prod. 다이나믹듀오)
602,30957524,SLO,북 (Prod. SLO)
603,31019584,GroovyRoom,붕붕 (Feat. 식케이) (Prod. GroovyRoom)
604,31113241,ZICO,캥거루 (Kangaroo) (Prod. ZICO)
605,31113243,헤이즈,모래시계 (Prod. 헤이즈)
606,31113242,NELL,영원+1 (Prod. NELL)
607,31181342,정키,마치 우린 없었던 사이 (Prod. 정키)
608,31113244,다이나믹듀오,11 (Prod. 다이나믹듀오)
609,30989550,GroovyRoom,바코드 (Prod. GroovyRoom)
610,31019584,GroovyRoom,붕붕 (Feat. 식케이) (Prod. GroovyRoom)
611,31113241,ZICO,캥거루 (Kangaroo) (Prod. ZICO)
612,31181342,정키,마치 우린 없었던 사이 (Prod. 정키)
613,31113243,헤이즈,모래시계 (Prod. 헤이즈)
614,31113242,NELL,영원+1 (Prod. NELL)
615,31113244,다이나믹듀오,11 (Prod. 다이나믹듀오)
616,30989550,GroovyRoom,바코드 (Prod. GroovyRoom)
617,31019584,GroovyRoom,붕붕 (Feat. 식케이) (Prod. GroovyRoom)
618,31113241,ZICO,캥거루 (Kangaroo) (Prod. ZICO)
619,31181342,정키,마치 우린 없었던 사이 (Prod. 정키)
620,31113243,헤이즈,모래시계 (Prod. 헤이즈)
621,31113242,NELL,영원+1 (Prod. NELL)
622,31113244,다이나믹듀오,11 (Prod. 다이나믹듀오)
623,30989550,GroovyRoom,바코드 (Prod. GroovyRoom)
624,31019584,GroovyRoom,붕붕 (Feat. 식케이) (Prod. GroovyRoom)
625,31113241,ZICO,캥거루 (Kangaroo) (Prod. ZICO)
626,31181342,정키,마치 우린 없었던 사이 (Prod. 정키)
627,31113243,헤이즈,모래시계 (Prod. 헤이즈)
628,31113242,NELL,영원+1 (Prod. NELL)
629,31113244,다이나믹듀오,11 (Prod. 다이나믹듀오)
630,31219546, 기리보이,flex (Prod. By 기리보이)
631,31019584,GroovyRoom,붕붕 (Feat. 식케이) (Prod. GroovyRoom)
632,31113241,ZICO,캥거루 (Kangaroo) (Prod. ZICO)
633,31113243,헤이즈,모래시계 (Prod. 헤이즈)
634,31181342,정키,마치 우린 없었던 사이 (Prod. 정키)
635,31113242,NELL,영원+1 (Prod. NELL)
636,31219546, 기리보이,flex (Prod. By 기리보이)
637,31113244,다이나믹듀오,11 (Prod. 다이나믹듀오)
638,31019584,GroovyRoom,붕붕 (Feat. 식케이) (Prod. GroovyRoom)
639,31113241,ZICO,캥거루 (Kangaroo) (Prod. ZICO)
640,31113243,헤이즈,모래시계 (Prod. 헤이즈)
641,31181342,정키,마치 우린 없었던 사이 (Prod. 정키)
642,31113242,NELL,영원+1 (Prod. NELL)
643,31019584,GroovyRoom,붕붕 (Feat. 식케이) (Prod. GroovyRoom)
644,31113241,ZICO,캥거루 (Kangaroo) (Prod. ZICO)
645,31113243,헤이즈,모래시계 (Prod. 헤이즈)
646,31019584,GroovyRoom,붕붕 (Feat. 식케이) (Prod. GroovyRoom)
647,31113241,ZICO,캥거루 (Kangaroo) (Prod. ZICO)
648,31219546, 기리보이,flex (Prod. By 기리보이)
649,31113243,헤이즈,모래시계 (Prod. 헤이즈)
650,31113242,NELL,영원+1 (Prod. NELL)
651,31019584,GroovyRoom,붕붕 (Feat. 식케이) (Prod. GroovyRoom)
652,31219546, 기리보이,flex (Prod. By 기리보이)
653,31113241,ZICO,캥거루 (Kangaroo) (Prod. ZICO)
654,31113243,헤이즈,모래시계 (Prod. 헤이즈)
655,31113242,NELL,영원+1 (Prod. NELL)
656,31219546, 기리보이,flex (Prod. By 기리보이)
657,31019584,GroovyRoom,붕붕 (Feat. 식케이) (Prod. GroovyRoom)
658,31113241,ZICO,캥거루 (Kangaroo) (Prod. ZICO)
659,31113243,헤이즈,모래시계 (Prod. 헤이즈)
660,31219546, 기리보이,flex (Prod. By 기리보이)
661,31019584,GroovyRoom,붕붕 (Feat. 식케이) (Prod. GroovyRoom)
662,31113241,ZICO,캥거루 (Kangaroo) (Prod. ZICO)
663,31219546, 기리보이,flex (Prod. By 기리보이)
664,31019584,GroovyRoom,붕붕 (Feat. 식케이) (Prod. GroovyRoom)
665,31113241,ZICO,캥거루 (Kangaroo) (Prod. ZICO)
666,31219546, 기리보이,flex (Prod. By 기리보이)
667,31019584,GroovyRoom,붕붕 (Feat. 식케이) (Prod. GroovyRoom)
668,31340985,코드 쿤스트,Good Day (Feat. 팔로알토) (Prod. 코드 쿤스트)
669,31113241,ZICO,캥거루 (Kangaroo) (Prod. ZICO)
670,31340985,코드 쿤스트,Good Day (Feat. 팔로알토) (Prod. 코드 쿤스트)
671,31219546, 기리보이,flex (Prod. By 기리보이)
672,31340983,기리보이,"공상과학기술 (Feat. 기리보이, 스윙스) (Prod. 기리보이)"
673,31019584,GroovyRoom,붕붕 (Feat. 식케이) (Prod. GroovyRoom)
674,31113241,ZICO,캥거루 (Kangaroo) (Prod. ZICO)
675,31340985,코드 쿤스트,Good Day (Feat. 팔로알토) (Prod. 코드 쿤스트)
676,31219546, 기리보이,flex (Prod. By 기리보이)
677,31353993,코드 쿤스트,Hate You (Feat. 우원재) (Prod. 코드 쿤스트)
678,31340983,기리보이,"공상과학기술 (Feat. 기리보이, 스윙스) (Prod. 기리보이)"
679,31019584,GroovyRoom,붕붕 (Feat. 식케이) (Prod. GroovyRoom)
680,31340985,코드 쿤스트,Good Day (Feat. 팔로알토) (Prod. 코드 쿤스트)
681,31369994,코드 쿤스트,Save (Feat. 팔로알토)(Prod. 코드 쿤스트)
682,31219546, 기리보이,flex (Prod. By 기리보이)
683,31353993,코드 쿤스트,Hate You (Feat. 우원재) (Prod. 코드 쿤스트)
684,31369992,기리보이,물어 (Prod. 기리보이)
685,31369989,"Cosmic Boy, 기리보이","브레이킹배드 (Feat. 기리보이) (Prod. Cosmic Boy, 기리보이)"
686,31340985,코드 쿤스트,Good Day (Feat. 팔로알토) (Prod. 코드 쿤스트)
687,31369994,코드 쿤스트,Save (Feat. 팔로알토)(Prod. 코드 쿤스트)
688,31219546, 기리보이,flex (Prod. By 기리보이)
689,31385181,코드 쿤스트,Change (Feat. GRAY) (Prod. 코드 쿤스트)
690,31385179,CHANGMO,억 (Feat. CHANGMO) (Prod. CHANGMO)
691,31353993,코드 쿤스트,Hate You (Feat. 우원재) (Prod. 코드 쿤스트)
692,31369992,기리보이,물어 (Prod. 기리보이)
693,31340985,코드 쿤스트,Good Day (Feat. 팔로알토) (Prod. 코드 쿤스트)
694,31399795,ewhY,수퍼비와 (Feat. BewhY) (Prod. BewhY)
695,31369994,코드 쿤스트,Save (Feat. 팔로알토)(Prod. 코드 쿤스트)
696,31219546, 기리보이,flex (Prod. By 기리보이)
697,31399796,코드 쿤스트,NoNo (Feat. 사이먼 도미닉) (Prod. 코드 쿤스트)
698,31385181,코드 쿤스트,Change (Feat. GRAY) (Prod. 코드 쿤스트)
699,31353993,코드 쿤스트,Hate You (Feat. 우원재) (Prod. 코드 쿤스트)
700,31385179,CHANGMO,억 (Feat. CHANGMO) (Prod. CHANGMO)
701,31399793,코드 쿤스트,MOMM (Feat. JUSTHIS) (Prod. 코드 쿤스트)
702,31399797,코드 쿤스트,주황색 (Feat. 박재범) (Prod. 코드 쿤스트)
703,31340985,코드 쿤스트,Good Day (Feat. 팔로알토) (Prod. 코드 쿤스트)
704,31399795,ewhY,수퍼비와 (Feat. BewhY) (Prod. BewhY)
705,31369994,코드 쿤스트,Save (Feat. 팔로알토)(Prod. 코드 쿤스트)
706,31219546, 기리보이,flex (Prod. By 기리보이)
707,31399796,코드 쿤스트,NoNo (Feat. 사이먼 도미닉) (Prod. 코드 쿤스트)
708,31385181,코드 쿤스트,Change (Feat. GRAY) (Prod. 코드 쿤스트)
709,31353993,코드 쿤스트,Hate You (Feat. 우원재) (Prod. 코드 쿤스트)
710,31385179,CHANGMO,억 (Feat. CHANGMO) (Prod. CHANGMO)
711,31340985,코드 쿤스트,Good Day (Feat. 팔로알토) (Prod. 코드 쿤스트)
712,31369994,코드 쿤스트,Save (Feat. 팔로알토)(Prod. 코드 쿤스트)
713,31399795,ewhY,수퍼비와 (Feat. BewhY) (Prod. BewhY)
714,31219546, 기리보이,flex (Prod. By 기리보이)
715,31399796,코드 쿤스트,NoNo (Feat. 사이먼 도미닉) (Prod. 코드 쿤스트)
716,31340985,코드 쿤스트,Good Day (Feat. 팔로알토) (Prod. 코드 쿤스트)
717,31399795,ewhY,수퍼비와 (Feat. BewhY) (Prod. BewhY)
718,31369994,코드 쿤스트,Save (Feat. 팔로알토)(Prod. 코드 쿤스트)
719,31219546, 기리보이,flex (Prod. By 기리보이)
720,31399796,코드 쿤스트,NoNo (Feat. 사이먼 도미닉) (Prod. 코드 쿤스트)
721,31340985,코드 쿤스트,Good Day (Feat. 팔로알토) (Prod. 코드 쿤스트)
722,31399795,ewhY,수퍼비와 (Feat. BewhY) (Prod. BewhY)
723,31219546, 기리보이,flex (Prod. By 기리보이)
724,31369994,코드 쿤스트,Save (Feat. 팔로알토)(Prod. 코드 쿤스트)
725,31340985,코드 쿤스트,Good Day (Feat. 팔로알토) (Prod. 코드 쿤스트)
726,31399795,ewhY,수퍼비와 (Feat. BewhY) (Prod. BewhY)
727,31219546, 기리보이,flex (Prod. By 기리보이)
728,31369994,코드 쿤스트,Save (Feat. 팔로알토)(Prod. 코드 쿤스트)
729,31340985,코드 쿤스트,Good Day (Feat. 팔로알토) (Prod. 코드 쿤스트)
730,31399795,ewhY,수퍼비와 (Feat. BewhY) (Prod. BewhY)
731,31219546, 기리보이,flex (Prod. By 기리보이)
732,31369994,코드 쿤스트,Save (Feat. 팔로알토)(Prod. 코드 쿤스트)
733,31340985,코드 쿤스트,Good Day (Feat. 팔로알토) (Prod. 코드 쿤스트)
734,31219546, 기리보이,flex (Prod. By 기리보이)
735,31399795,ewhY,수퍼비와 (Feat. BewhY) (Prod. BewhY)
736,31369994,코드 쿤스트,Save (Feat. 팔로알토)(Prod. 코드 쿤스트)
737,31340985,코드 쿤스트,Good Day (Feat. 팔로알토) (Prod. 코드 쿤스트)
738,31219546, 기리보이,flex (Prod. By 기리보이)
739,31399795,ewhY,수퍼비와 (Feat. BewhY) (Prod. BewhY)
740,31369994,코드 쿤스트,Save (Feat. 팔로알토)(Prod. 코드 쿤스트)
741,31554317, 기리보이,띵 (Prod. By 기리보이)
742,31340985,코드 쿤스트,Good Day (Feat. 팔로알토) (Prod. 코드 쿤스트)
743,31219546, 기리보이,flex (Prod. By 기리보이)
744,31399795,ewhY,수퍼비와 (Feat. BewhY) (Prod. BewhY)
745,31554317, 기리보이,띵 (Prod. By 기리보이)
746,31340985,코드 쿤스트,Good Day (Feat. 팔로알토) (Prod. 코드 쿤스트)
747,31219546, 기리보이,flex (Prod. By 기리보이)
748,31579864,로코베리,사랑하지 말아요 (Prod. 로코베리)
749,31399795,ewhY,수퍼비와 (Feat. BewhY) (Prod. BewhY)
750,31554317, 기리보이,띵 (Prod. By 기리보이)
751,31340985,코드 쿤스트,Good Day (Feat. 팔로알토) (Prod. 코드 쿤스트)
752,31219546, 기리보이,flex (Prod. By 기리보이)
753,31579864,로코베리,사랑하지 말아요 (Prod. 로코베리)
754,31587510, 이대휘,Candle (Prod. By 이대휘)
755,31340985,코드 쿤스트,Good Day (Feat. 팔로알토) (Prod. 코드 쿤스트)
756,31219546, 기리보이,flex (Prod. By 기리보이)
757,31399795,ewhY,수퍼비와 (Feat. BewhY) (Prod. BewhY)
758,31369994,코드 쿤스트,Save (Feat. 팔로알토)(Prod. 코드 쿤스트)
759,31554317, 기리보이,띵 (Prod. By 기리보이)
760,31340985,코드 쿤스트,Good Day (Feat. 팔로알토) (Prod. 코드 쿤스트)
761,31219546, 기리보이,flex (Prod. By 기리보이)
762,31579864,로코베리,사랑하지 말아요 (Prod. 로코베리)
763,31587510, 이대휘,Candle (Prod. By 이대휘)
764,31554317, 기리보이,띵 (Prod. By 기리보이)
765,31340985,코드 쿤스트,Good Day (Feat. 팔로알토) (Prod. 코드 쿤스트)
766,31219546, 기리보이,flex (Prod. By 기리보이)
767,31579864,로코베리,사랑하지 말아요 (Prod. 로코베리)
768,31587510, 이대휘,Candle (Prod. By 이대휘)
769,31554317, 기리보이,띵 (Prod. By 기리보이)
770,31340985,코드 쿤스트,Good Day (Feat. 팔로알토) (Prod. 코드 쿤스트)
771,31219546, 기리보이,flex (Prod. By 기리보이)
772,31579864,로코베리,사랑하지 말아요 (Prod. 로코베리)
773,31587510, 이대휘,Candle (Prod. By 이대휘)
774,31554317, 기리보이,띵 (Prod. By 기리보이)
775,31340985,코드 쿤스트,Good Day (Feat. 팔로알토) (Prod. 코드 쿤스트)
776,31219546, 기리보이,flex (Prod. By 기리보이)
777,31579864,로코베리,사랑하지 말아요 (Prod. 로코베리)
778,31554317, 기리보이,띵 (Prod. By 기리보이)
779,31340985,코드 쿤스트,Good Day (Feat. 팔로알토) (Prod. 코드 쿤스트)
780,31219546, 기리보이,flex (Prod. By 기리보이)
781,31579864,로코베리,사랑하지 말아요 (Prod. 로코베리)
782,31554317, 기리보이,띵 (Prod. By 기리보이)
783,31659570, GRAY,호불호 (Feat. 기리보이) (Prod. By GRAY)
784,31340985,코드 쿤스트,Good Day (Feat. 팔로알토) (Prod. 코드 쿤스트)
785,31219546, 기리보이,flex (Prod. By 기리보이)
786,31554317, 기리보이,띵 (Prod. By 기리보이)
787,31671295,기리보이,눈 (Prod. 기리보이)
788,31659570, GRAY,호불호 (Feat. 기리보이) (Prod. By GRAY)
789,31340985,코드 쿤스트,Good Day (Feat. 팔로알토) (Prod. 코드 쿤스트)
790,31219546, 기리보이,flex (Prod. By 기리보이)
791,31671296,CODE KUNST,별 헤는 밤 (Prod. CODE KUNST)
792,31554317, 기리보이,띵 (Prod. By 기리보이)
793,31671295,기리보이,눈 (Prod. 기리보이)
794,31659570, GRAY,호불호 (Feat. 기리보이) (Prod. By GRAY)
795,31340985,코드 쿤스트,Good Day (Feat. 팔로알토) (Prod. 코드 쿤스트)
796,31219546, 기리보이,flex (Prod. By 기리보이)
797,31671296,CODE KUNST,별 헤는 밤 (Prod. CODE KUNST)
798,31324607,2soo,사랑에 연습이 있었다면 (Prod. 2soo)
799,31554317, 기리보이,띵 (Prod. By 기리보이)
800,31671295,기리보이,눈 (Prod. 기리보이)
801,31324607,2soo,사랑에 연습이 있었다면 (Prod. 2soo)
802,31340985,코드 쿤스트,Good Day (Feat. 팔로알토) (Prod. 코드 쿤스트)
803,31659570, GRAY,호불호 (Feat. 기리보이) (Prod. By GRAY)
804,31702445,로코베리,잊어가지마 (Prod. 로코베리)
805,31219546, 기리보이,flex (Prod. By 기리보이)
806,31671295,기리보이,눈 (Prod. 기리보이)
807,31554317, 기리보이,띵 (Prod. By 기리보이)
808,31324607,2soo,사랑에 연습이 있었다면 (Prod. 2soo)
809,31340985,코드 쿤스트,Good Day (Feat. 팔로알토) (Prod. 코드 쿤스트)
810,31659570, GRAY,호불호 (Feat. 기리보이) (Prod. By GRAY)
811,31324607,2soo,사랑에 연습이 있었다면 (Prod. 2soo)
812,31671295,기리보이,눈 (Prod. 기리보이)
813,31554317, 기리보이,띵 (Prod. By 기리보이)
814,31736992,CODE KUNST,"GO HIGH (Feat. 우원재, 창모 (CHANGMO), The Quiett) (Prod. CODE KUNST)"
815,31340985,코드 쿤스트,Good Day (Feat. 팔로알토) (Prod. 코드 쿤스트)
816,31736999,CODE KUNST,HERE (Feat. 빈첸 (VINXEN)) (Prod. CODE KUNST)
817,31219546, 기리보이,flex (Prod. By 기리보이)
818,31324607,2soo,사랑에 연습이 있었다면 (Prod. 2soo)
819,31671295,기리보이,눈 (Prod. 기리보이)
820,31554317, 기리보이,띵 (Prod. By 기리보이)
821,31736992,CODE KUNST,"GO HIGH (Feat. 우원재, 창모 (CHANGMO), The Quiett) (Prod. CODE KUNST)"
822,31340985,코드 쿤스트,Good Day (Feat. 팔로알토) (Prod. 코드 쿤스트)
823,31736999,CODE KUNST,HERE (Feat. 빈첸 (VINXEN)) (Prod. CODE KUNST)
824,31324607,2soo,사랑에 연습이 있었다면 (Prod. 2soo)
825,31671295,기리보이,눈 (Prod. 기리보이)
826,31554317, 기리보이,띵 (Prod. By 기리보이)
827,31736992,CODE KUNST,"GO HIGH (Feat. 우원재, 창모 (CHANGMO), The Quiett) (Prod. CODE KUNST)"
828,31340985,코드 쿤스트,Good Day (Feat. 팔로알토) (Prod. 코드 쿤스트)
829,31736999,CODE KUNST,HERE (Feat. 빈첸 (VINXEN)) (Prod. CODE KUNST)
830,31324607,2soo,사랑에 연습이 있었다면 (Prod. 2soo)
831,31671295,기리보이,눈 (Prod. 기리보이)
832,31554317, 기리보이,띵 (Prod. By 기리보이)
833,31736992,CODE KUNST,"GO HIGH (Feat. 우원재, 창모 (CHANGMO), The Quiett) (Prod. CODE KUNST)"
834,31340985,코드 쿤스트,Good Day (Feat. 팔로알토) (Prod. 코드 쿤스트)
835,31736999,CODE KUNST,HERE (Feat. 빈첸 (VINXEN)) (Prod. CODE KUNST)
836,31324607,2soo,사랑에 연습이 있었다면 (Prod. 2soo)
837,31671295,기리보이,눈 (Prod. 기리보이)
838,31554317, 기리보이,띵 (Prod. By 기리보이)
839,31736992,CODE KUNST,"GO HIGH (Feat. 우원재, 창모 (CHANGMO), The Quiett) (Prod. CODE KUNST)"
840,31340985,코드 쿤스트,Good Day (Feat. 팔로알토) (Prod. 코드 쿤스트)
841,31324607,2soo,사랑에 연습이 있었다면 (Prod. 2soo)
842,31671295,기리보이,눈 (Prod. 기리보이)
843,31554317, 기리보이,띵 (Prod. By 기리보이)
844,31788828,RLLNT,돈 Call Me (Prod.BRLLNT)
845,31736992,CODE KUNST,"GO HIGH (Feat. 우원재, 창모 (CHANGMO), The Quiett) (Prod. CODE KUNST)"
846,31340985,코드 쿤스트,Good Day (Feat. 팔로알토) (Prod. 코드 쿤스트)
847,31324607,2soo,사랑에 연습이 있었다면 (Prod. 2soo)
848,31671295,기리보이,눈 (Prod. 기리보이)
849,31788828,RLLNT,돈 Call Me (Prod.BRLLNT)
850,31554317, 기리보이,띵 (Prod. By 기리보이)
851,31736992,CODE KUNST,"GO HIGH (Feat. 우원재, 창모 (CHANGMO), The Quiett) (Prod. CODE KUNST)"
852,31340985,코드 쿤스트,Good Day (Feat. 팔로알토) (Prod. 코드 쿤스트)
853,31324607,2soo,사랑에 연습이 있었다면 (Prod. 2soo)
854,31788828,RLLNT,돈 Call Me (Prod.BRLLNT)
855,31671295,기리보이,눈 (Prod. 기리보이)
856,31554317, 기리보이,띵 (Prod. By 기리보이)
857,31324607,2soo,사랑에 연습이 있었다면 (Prod. 2soo)
858,31788828,RLLNT,돈 Call Me (Prod.BRLLNT)
859,31671295,기리보이,눈 (Prod. 기리보이)
860,31554317, 기리보이,띵 (Prod. By 기리보이)
861,31324607,2soo,사랑에 연습이 있었다면 (Prod. 2soo)
862,31788828,RLLNT,돈 Call Me (Prod.BRLLNT)
863,31671295,기리보이,눈 (Prod. 기리보이)
864,31554317, 기리보이,띵 (Prod. By 기리보이)
865,31324607,2soo,사랑에 연습이 있었다면 (Prod. 2soo)
866,31788828,RLLNT,돈 Call Me (Prod.BRLLNT)
867,31671295,기리보이,눈 (Prod. 기리보이)
868,31554317, 기리보이,띵 (Prod. By 기리보이)
869,31890067,Way Ched,비워 (Beer) (Prod. Way Ched)
870,31324607,2soo,사랑에 연습이 있었다면 (Prod. 2soo)
871,31890067,Way Ched,비워 (Beer) (Prod. Way Ched)
872,31788828,RLLNT,돈 Call Me (Prod.BRLLNT)
873,31908033,SUGA,We don`t talk together (Feat. 기리보이) (Prod. SUGA)
874,31671295,기리보이,눈 (Prod. 기리보이)
875,31908033,SUGA,We don`t talk together (Feat. 기리보이) (Prod. SUGA)
876,31324607,2soo,사랑에 연습이 있었다면 (Prod. 2soo)
877,31890067,Way Ched,비워 (Beer) (Prod. Way Ched)
878,31907392,ZICO,움직여 (MOVE) (Prod. by ZICO)
879,31788828,RLLNT,돈 Call Me (Prod.BRLLNT)
880,31671295,기리보이,눈 (Prod. 기리보이)
881,31324607,2soo,사랑에 연습이 있었다면 (Prod. 2soo)
882,31908033,SUGA,We don`t talk together (Feat. 기리보이) (Prod. SUGA)
883,31890067,Way Ched,비워 (Beer) (Prod. Way Ched)
884,31788828,RLLNT,돈 Call Me (Prod.BRLLNT)
885,31907392,ZICO,움직여 (MOVE) (Prod. by ZICO)
886,31324607,2soo,사랑에 연습이 있었다면 (Prod. 2soo)
887,31908033,SUGA,We don`t talk together (Feat. 기리보이) (Prod. SUGA)
888,31890067,Way Ched,비워 (Beer) (Prod. Way Ched)
889,31788828,RLLNT,돈 Call Me (Prod.BRLLNT)
890,31907392,ZICO,움직여 (MOVE) (Prod. by ZICO)
891,31324607,2soo,사랑에 연습이 있었다면 (Prod. 2soo)
892,31908033,SUGA,We don`t talk together (Feat. 기리보이) (Prod. SUGA)
893,31890067,Way Ched,비워 (Beer) (Prod. Way Ched)
894,31788828,RLLNT,돈 Call Me (Prod.BRLLNT)
895,31907392,ZICO,움직여 (MOVE) (Prod. by ZICO)
896,31324607,2soo,사랑에 연습이 있었다면 (Prod. 2soo)
897,31908033,SUGA,We don`t talk together (Feat. 기리보이) (Prod. SUGA)
898,31890067,Way Ched,비워 (Beer) (Prod. Way Ched)
899,31788828,RLLNT,돈 Call Me (Prod.BRLLNT)
900,31907392,ZICO,움직여 (MOVE) (Prod. by ZICO)
901,31324607,2soo,사랑에 연습이 있었다면 (Prod. 2soo)
902,31908033,SUGA,We don`t talk together (Feat. 기리보이) (Prod. SUGA)
903,31890067,Way Ched,비워 (Beer) (Prod. Way Ched)
904,31788828,RLLNT,돈 Call Me (Prod.BRLLNT)
905,31324607,2soo,사랑에 연습이 있었다면 (Prod. 2soo)
906,31908033,SUGA,We don`t talk together (Feat. 기리보이) (Prod. SUGA)
907,31890067,Way Ched,비워 (Beer) (Prod. Way Ched)
908,31788828,RLLNT,돈 Call Me (Prod.BRLLNT)
909,31989505,GroovyRoom,GIDDY UP (Prod. GroovyRoom)
910,31324607,2soo,사랑에 연습이 있었다면 (Prod. 2soo)
911,32006890,OYCOLD,"담아 (Feat. 염따, pH-1) (Prod. BOYCOLD)"
912,31908033,SUGA,We don`t talk together (Feat. 기리보이) (Prod. SUGA)
913,31890067,Way Ched,비워 (Beer) (Prod. Way Ched)
914,31788828,RLLNT,돈 Call Me (Prod.BRLLNT)
915,32012747,ZICO,움직여 (MOVE) (Prod. by ZICO) (X1 Ver.)
916,32028531,정키,헤어지자 (Prod. 정키)
917,31324607,2soo,사랑에 연습이 있었다면 (Prod. 2soo)
918,32006890,OYCOLD,"담아 (Feat. 염따, pH-1) (Prod. BOYCOLD)"
919,31908033,SUGA,We don`t talk together (Feat. 기리보이) (Prod. SUGA)
920,32021135,기리보이,바다 (Feat. 기리보이) (Prod. 기리보이)
921,31890067,Way Ched,비워 (Beer) (Prod. Way Ched)
922,32021136,OYCOLD,"덜어 (Feat. Kid Milli, 스윙스) (Prod. BOYCOLD)"
923,31788828,RLLNT,돈 Call Me (Prod.BRLLNT)
924,32021137,millic,BAMN (Prod. millic)
925,32012747,ZICO,움직여 (MOVE) (Prod. by ZICO) (X1 Ver.)
926,32021138,OYCOLD,땡땡 (Prod. BOYCOLD)
927,32028531,정키,헤어지자 (Prod. 정키)
928,31324607,2soo,사랑에 연습이 있었다면 (Prod. 2soo)
929,32006890,OYCOLD,"담아 (Feat. 염따, pH-1) (Prod. BOYCOLD)"
930,31908033,SUGA,We don`t talk together (Feat. 기리보이) (Prod. SUGA)
931,32021135,기리보이,바다 (Feat. 기리보이) (Prod. 기리보이)
932,31890067,Way Ched,비워 (Beer) (Prod. Way Ched)
933,31788828,RLLNT,돈 Call Me (Prod.BRLLNT)
934,32021136,OYCOLD,"덜어 (Feat. Kid Milli, 스윙스) (Prod. BOYCOLD)"
935,32012747,ZICO,움직여 (MOVE) (Prod. by ZICO) (X1 Ver.)
936,32021137,millic,BAMN (Prod. millic)
937,32028531,정키,헤어지자 (Prod. 정키)
938,31324607,2soo,사랑에 연습이 있었다면 (Prod. 2soo)
939,32006890,OYCOLD,"담아 (Feat. 염따, pH-1) (Prod. BOYCOLD)"
940,31908033,SUGA,We don`t talk together (Feat. 기리보이) (Prod. SUGA)
941,32021135,기리보이,바다 (Feat. 기리보이) (Prod. 기리보이)
942,31890067,Way Ched,비워 (Beer) (Prod. Way Ched)
943,32012747,ZICO,움직여 (MOVE) (Prod. by ZICO) (X1 Ver.)
944,31788828,RLLNT,돈 Call Me (Prod.BRLLNT)
945,32059630,2soo,조금 취했어 (Prod. 2soo)
946,32028531,정키,헤어지자 (Prod. 정키)
947,31324607,2soo,사랑에 연습이 있었다면 (Prod. 2soo)
948,32006890,OYCOLD,"담아 (Feat. 염따, pH-1) (Prod. BOYCOLD)"
949,31908033,SUGA,We don`t talk together (Feat. 기리보이) (Prod. SUGA)
950,32021135,기리보이,바다 (Feat. 기리보이) (Prod. 기리보이)
951,32054961,"Doplamingo, 버벌진트","Sold Out (Feat. 빈첸) (Prod. Doplamingo, 버벌진트)"
952,32059630,2soo,조금 취했어 (Prod. 2soo)
953,32028531,정키,헤어지자 (Prod. 정키)
954,31324607,2soo,사랑에 연습이 있었다면 (Prod. 2soo)
955,32006890,OYCOLD,"담아 (Feat. 염따, pH-1) (Prod. BOYCOLD)"
956,31908033,SUGA,We don`t talk together (Feat. 기리보이) (Prod. SUGA)
957,32021135,기리보이,바다 (Feat. 기리보이) (Prod. 기리보이)
958,32059630,2soo,조금 취했어 (Prod. 2soo)
959,32028531,정키,헤어지자 (Prod. 정키)
960,31324607,2soo,사랑에 연습이 있었다면 (Prod. 2soo)
961,32006890,OYCOLD,"담아 (Feat. 염따, pH-1) (Prod. BOYCOLD)"
962,31908033,SUGA,We don`t talk together (Feat. 기리보이) (Prod. SUGA)
963,32059630,2soo,조금 취했어 (Prod. 2soo)
964,32028531,정키,헤어지자 (Prod. 정키)
965,31324607,2soo,사랑에 연습이 있었다면 (Prod. 2soo)
966,32006890,OYCOLD,"담아 (Feat. 염따, pH-1) (Prod. BOYCOLD)"
967,31908033,SUGA,We don`t talk together (Feat. 기리보이) (Prod. SUGA)
968,32059630,2soo,조금 취했어 (Prod. 2soo)
969,32028531,정키,헤어지자 (Prod. 정키)
970,31324607,2soo,사랑에 연습이 있었다면 (Prod. 2soo)
971,32006890,OYCOLD,"담아 (Feat. 염따, pH-1) (Prod. BOYCOLD)"
972,32109961, PEEJAY,Blurry (Feat. Dbo) (Prod. By PEEJAY)
973,31908033,SUGA,We don`t talk together (Feat. 기리보이) (Prod. SUGA)
974,32059630,2soo,조금 취했어 (Prod. 2soo)
975,31324607,2soo,사랑에 연습이 있었다면 (Prod. 2soo)
976,32028531,정키,헤어지자 (Prod. 정키)
977,32006890,OYCOLD,"담아 (Feat. 염따, pH-1) (Prod. BOYCOLD)"
978,32059630,2soo,조금 취했어 (Prod. 2soo)
979,31324607,2soo,사랑에 연습이 있었다면 (Prod. 2soo)
980,32028531,정키,헤어지자 (Prod. 정키)
981,32006890,OYCOLD,"담아 (Feat. 염따, pH-1) (Prod. BOYCOLD)"
982,32059630,2soo,조금 취했어 (Prod. 2soo)
983,31324607,2soo,사랑에 연습이 있었다면 (Prod. 2soo)
984,32028531,정키,헤어지자 (Prod. 정키)
985,32163199,WOOGIE,낙서 (Feat. 백예린) (Prod. by WOOGIE)
986,32006890,OYCOLD,"담아 (Feat. 염따, pH-1) (Prod. BOYCOLD)"
